Department,Enabled,GivenName,Manager,Name,OfficePhone,SamAccountName,Surname,Title,Password,Email
Executive,True,Dan,,Dan Jump,(02) 6724 4972,danj,Jump,CEO,ki2zooBinae,danj@cuvox.de
Operations,True,Adam,danj,Adam Barr,(07) 5608 7787,adamb,Barr,General Manager of Professional Services,Lae3kohng,adamb@gustr.com
Project Management,True,Alan,adamb,Alan Steiner,(07) 4594 2374,alans,Steiner,Director of Project Management Team,oow4Thahd,alans@superrito.com
Project Management,True,Chris,alans,Chris Norred,(07) 4073 6988,chrisn,Norred,Project Manager,eoH8aimei,chrisn@gustr.com
Operations,True,Diane,adamb,Diane Tibbot,(03) 8017 8426,dianet,Tibbot,CFO of Professional Services,ahLah1vet1ai,dianet@jourrapide.com
Engineering,True,Christine,adamb,Christine Koch,(07) 5396 5508,christk,Koch,Managing Director,hohYeuqu1,christk@einrot.com
Executive,True,Frank,danj,Frank Martinez,(02) 9202 5054,frankm1,Martinez,COO,Veen3shoo,frankm1@superrito.com
Accounting,True,Karim,dianet,Karim Manar,(08) 8759 9301,karimm,Manar,Controller,Oog8zoh0gee,karimm@superrito.com
Sales,True,Dan,adamb,Dan Park,(07) 4585 4972,danp,Park,Vice President of Sales,ba0kie2Ai,danp@armyspy.com
Executive,True,Jeff,frankm1,Jeff Hay,(08) 9043 3993,jeffh,Hay,CVP of Operations,Pi6Huogha,jeffh@rhyta.com
Human Resources,True,Garth,karimm,Garth Fort,(08) 9474 6421,garthf,Fort,HR Manager,oPi6kachair,garthf@armyspy.com
Strategy Consulting,True,Cesar,christk,Cesar Garcia,(07) 4000 9839,cesarg,Garcia,Strategy Consulting Manager,MieJi2eiNg,cesarg@rhyta.com
Executive,True,Christa,jeffh,Christa Geller,(08) 8972 8925,christg,Geller,CVP of Online,Phuche7Vai,christg@rhyta.com
Sales Engagement Management,True,Jack,danp,Jack Creasey,(07) 3444 2696,jackc,Creasey,Managing Director,ooxuuR0ai,jackc@cuvox.de
Strategy Consulting,True,David,christk,David Maman,(02) 4663 1523,davidm,Maman,Strategy Consulting Manager,Iek2nohl2,davidm@armyspy.com
Sales,True,Alan,jackc,Alan Brewer,(03) 9906 7152,alanb,Brewer,Regional Sales Manager,aeceS6neegh,alanb@jourrapide.com
Sales Engagement Management,True,David,alanb,David Simpson,(08) 8245 3987,davids,Simpson,Sales Manager,seiDu5quoh,davids@rhyta.com
Senior Management,True,Anna,christg,Anna Lidman,(08) 8396 7359,annal,Lidman,SVP of Online Services,Jeepeof5ch,annal@gustr.com
Sales,True,Eduard,jackc,Eduard Dell,(02) 4369 4710,eduardd,Dell,Regional Sales Manager,eiSe8oope,eduardd@einrot.com
Sales,True,Spencer,jackc,Spencer Low,(03) 6248 9339,spencel,Low,Regional Sales Manager,AikaGh8Ahkie,spencel@rhyta.com
Operations,True,Kelly,adamb,Kelly Weadock,(02) 6113 8770,kellyw,Weadock,CTO of Professional Services,Ozaiy6ohb,kellyw@armyspy.com
Senior Management,True,Molly,annal,Molly Clark,(03) 5331 4006,mollyc,Clark,GM of Online Ad Sales and Affiliate Marketing,aoxo3Ie0,mollyc@dayrep.com
Sales,True,Larry,jackc,Larry Zhang,(02) 6758 8854,larryz,Zhang,Regional Sales Manager,phuJ3eic8z,larryz@dayrep.com
Operations,True,Arturo,kellyw,Arturo Lopez,(07) 4054 1003,arturol,Lopez,IT Director,Ohcahmu4,arturol@armyspy.com
Sales,True,April,eduardd,April Stewart,(02) 4635 2597,aprils,Stewart,Sales Manager,Pherie5ch,aprils@jourrapide.com
Strategy Consulting,True,Aaron,christk,Aaron Painter,(03) 5325 1922,aaronp,Painter,Strategy Consulting Manager,uje5Deizah6,aaronp@fleckens.hu
Project Management,True,Andrew,alans,Andrew Ma,(07) 4060 9003,andrewm,Ma,Senior Project Manager,aW3AiriPh,andrewm@einrot.com
Marketing,True,Diane,mollyc,Diane Prescott,(07) 3642 9127,dianep,Prescott,Director of Ad Sales,eimae9mew6E,dianep@rhyta.com
Sales Engagement Management,True,Arthur,spencel,Arthur Yasinski,(03) 5343 6251,arthury,Yasinski,Sales Manager,iye1aiPaid,arthury@superrito.com
Strategy Consulting,True,Brad,christk,Brad Sutton,(02) 6146 3992,brads,Sutton,Strategy Consulting Manager,im1AhZ6vah,brads@armyspy.com
Human Resources,True,Amy,garthf,Amy Alberts,(03) 5314 8913,amya,Alberts,HR Manager,Aht6nei6,amya@fleckens.hu
Sales,True,Steve,jackc,Steve Luper,(02) 6118 2536,stevel,Luper,Regional Sales Manager,ohg7uoGee,stevel@rhyta.com
Senior Management,True,Julian,mollyc,Julian Isla,(02) 4917 4744,juliani,Isla,Senior Business Development Manager,oageev2weiW,juliani@rhyta.com
Project Management,True,Scott,alans,Scott Bishop,(07) 4587 2847,scottb,Bishop,Senior Project Manager,Veixae9zeeL,scottb@gustr.com
Marketing,True,Kelly,adamb,Kelly Krout,(02) 6797 7647,kellyk,Krout,Marketing Manager,ue3aSe7Quae,kellyk@jourrapide.com
Content Management Consulting,True,Stan,alans,Stan Orme,(03) 5361 9297,stano,Orme,Content Management Consulting Manager,au4ooy3eG,stano@dayrep.com
Project Management,True,Mike,alans,Mike Nash,(08) 8380 7945,miken,Nash,Senior Project Manager,uShai9ja8Wie,miken@jourrapide.com
Strategy Consulting,True,Jenni,davidm,Jenni Merrifield,(02) 4975 6726,jennim,Merrifield,Strategy Consultant,haexei5Ith,jennim@teleworm.us
Operations,True,Keith,adamb,Keith Dishmo,(02) 4785 9113,keithd,Dishmo,Procurement Manager,eir5ThooLai,keithd@armyspy.com
Sales,True,Jose,larryz,Jose Saraiva,(02) 6791 0924,joses,Saraiva,Sales Manager,Eich0eiJ,joses@superrito.com
Sales Engagement Management,True,Lene,stevel,Lene Aalling,(03) 6245 0764,lenea,Aalling,Sales Manager,Eti7ujohZ,lenea@teleworm.us
Project Management,True,Barry,alans,Barry Johnson,(03) 5312 8175,barryj,Johnson,Project Manager,Shaex8aev,barryj@armyspy.com
Strategy Consulting,True,Ellen,christk,Ellen Adams,(02) 6183 1879,ellena,Adams,Strategy Consulting Manager,piiCh6oghi,ellena@rhyta.com
Operations,True,Ben,adamb,Ben Spain,(07) 4014 2494,bens,Spain,Manager,ohng4ueFaeTh,bens@jourrapide.com
Engineering Operations,True,David,adamb,David Zazzo,(02) 6762 2905,davidz,Zazzo,Managing Director,Xohnge1xei,davidz@teleworm.us
Engineering Operations,True,Carol,davidz,Carol Troup,(08) 8262 3924,carolt,Troup,Strategy Consulting Manager,Hiewoa4woh,carolt@rhyta.com
Operations,True,Erika,bens,Erika Cheley,(02) 6776 3364,erikac,Cheley,Manager,aiTieg1Fei,erikac@einrot.com
Project Management,True,Brian,barryj,Brian Groth,(02) 4935 7411,briang,Groth,Project Manager,ojuPho9ae,briang@teleworm.us
CRM Strategy,True,Syed,aaronp,Syed Abbas,(08) 9066 8624,syeda,Abbas,CRM Consulting Manager,rood2Jujoh,syeda@teleworm.us
Content Management Consulting,True,Peder,stano,Peder Thode,(08) 8778 4562,pedert,Thode,Content Management Consultant,ziwie0Avae,pedert@superrito.com
Content Management Consulting,True,Mary,stano,Mary Cha,(02) 4978 9753,maryc,Cha,Content Management Consultant,ahru8Poy,maryc@jourrapide.com
Content Management Consulting,True,Lisa,stano,Lisa Andrews,(02) 6245 7805,lisaa,Andrews,Content Management Consultant,Soyeiz1cax,lisaa@jourrapide.com
Content Management Consulting,True,Jim,stano,Jim Lucey,(03) 6295 5637,jiml,Lucey,Content Management Consultant,Ja2queo7,jiml@jourrapide.com
Content Management Consulting,True,Gareth,stano,Gareth Chan,(03) 9858 6029,garethc,Chan,Content Management Consultant,SahThah3a,garethc@teleworm.us
CRM Strategy,True,Karin,syeda,Karin Lamb,(08) 8746 6353,karinl,Lamb,CRM Consultant,Lohw7kai,karinl@teleworm.us
Content Management Consulting,True,David,stano,David Hamilton,(02) 6756 2226,davidh,Hamilton,CRM Consultant,aejieN6g,davidh@superrito.com
CRM Strategy,True,Merav,syeda,Merav Sror,(02) 4280 4034,meravs,Sror,CRM Consultant,heeHoo7z,meravs@gustr.com
Content Management Consulting,True,Reina,stano,Reina Cabatana,(02) 4068 2772,reinac,Cabatana,Content Management Consultant,ooz6RohCah,reinac@armyspy.com
Content Management Consulting,True,Robin,stano,Robin Young,(08) 9028 1525,robiny,Young,Content Management Consultant,eiQueizo6ei,robiny@einrot.com
Content Management Consulting,True,Peter,stano,Peter Saddow,(03) 5340 7517,peters,Saddow,Content Management Consultant,oofia1Ee,peters@einrot.com
Content Management Consulting,True,Vladimir,stano,Vladimir Egorov,(02) 4003 1580,vladime,Egorov,Content Management Consultant,ojeiW6ohj,vladime@armyspy.com
Content Management Consulting,True,Esther,stano,Esther Valle,(07) 3408 9815,estherv,Valle,Content Management Consultant,eedo3caiTh,estherv@fleckens.hu
Strategy Consulting,True,Lori,brads,Lori Kane,(02) 6707 3732,lorik,Kane,Strategy Consultant,vao6iShae,lorik@dayrep.com
Engineering Operations,True,Cliff,carolt,Cliff Diddier,(03) 9788 2361,cliffd,Diddier,Engineer,shae2oVoh,cliffd@dayrep.com
Engineering Operations,True,Chen,carolt,Chen Yang,(07) 4596 8785,cheny,Yang,Engineer,Hoos4moo,cheny@cuvox.de
Engineering Operations,True,Bernard,carolt,Bernard Tham,(08) 8394 6279,bernart,Tham,Engineer,gooSai3l,bernart@einrot.com
Engineering Operations,True,Ari,carolt,Ari Suominen,(07) 4983 4412,aris,Suominen,Engineer,Gaisheep8a,aris@armyspy.com
Creative,True,Anu,carolt,Anu Deshpande,(03) 6232 4453,anud,Deshpande,Engineer,thahrauMae1,anud@cuvox.de
Engineering Operations,True,Allan,carolt,Allan Guinot,(07) 4085 3593,allang,Guinot,Engineer,jao5Quoh,allang@einrot.com
CRM Strategy,True,Toby,syeda,Toby Nixon,(08) 9032 5959,tobyn,Nixon,CRM Consultant,iemooG2cuo,tobyn@einrot.com
CRM Strategy,True,Tad,syeda,Tad Orman,(03) 5360 0374,tado,Orman,CRM Consultant,nah9Eid8eiK,tado@gustr.com
CRM Strategy,True,Jeff,syeda,Jeff Williams,(02) 6183 4174,jeffw,Williams,CRM Consultant,Aex7caex7dei,jeffw@dayrep.com
Strategy Consulting,True,Frank,davidm,Frank Miller,(03) 5336 1360,frankm,Miller,Strategy Consultant,xaePh7ix1AeLah,frankm@superrito.com
Strategy Consulting,True,William,cesarg,William Vong,(02) 6765 9477,williav,Vong,Strategy Consultant,bohzee1Ai,williav@cuvox.de
Strategy Consulting,True,Sameer,ellena,Sameer Tejani,(03) 5339 6282,sameert,Tejani,Strategy Consultant,Ialaish1ee,sameert@einrot.com
Strategy Consulting,True,Jon,brads,Jon Jaffe,(03) 5397 2528,jonj,Jaffe,Strategy Consultant,ai1Cee3hath,jonj@einrot.com
Strategy Consulting,True,Mike,davidm,Mike Ray,(08) 8325 0537,miker,Ray,Strategy Consultant,iQui4thoo1V,miker@einrot.com
Content Management Consulting,True,Robert,stano,Robert O'Hara,(08) 8709 4463,roberto,O'Hara,Content Management Consultant,uaPaes9ie,roberto@gustr.com
Strategy Consulting,True,Lisa,cesarg,Lisa Miller,(02) 6183 7879,lisam,Miller,Strategy Consultant,beingaeY4ee,lisam@gustr.com
CRM Strategy,True,Jason,syeda,Jason Carlson,(02) 4053 3202,jasonc,Carlson,CRM Consultant,eo4sha0Zahn,jasonc@fleckens.hu
Strategy Consulting,True,Jim,davidm,Jim Corbin,(02) 6777 0245,jimc,Corbin,Strategy Consultant,nae7Aexengae,jimc@rhyta.com
Strategy Consulting,True,Jesus,aaronp,Jesus Escolar,(02) 9985 1981,jesuse,Escolar,Strategy Consultant,azahN2iechoo,jesuse@fleckens.hu
Strategy Consulting,True,Idan,brads,Idan Rubin,(07) 3319 8426,idanr,Rubin,Strategy Consultant,fohPoo5gut,idanr@jourrapide.com
Strategy Consulting,True,Don,ellena,Don Hall,(03) 5381 1914,donh,Hall,Strategy Consultant,ohx3lailahT,donh@cuvox.de
Strategy Consulting,True,Blaine,ellena,Blaine Dockter,(07) 4573 7780,blained,Dockter,Strategy Consultant,aeToG1ohpa9,blained@jourrapide.com
Strategy Consulting,True,Anne,cesarg,Anne Weiler,(02) 6158 5237,annew,Weiler,Strategy Consultant,SeLi9Yuth,annew@jourrapide.com
Strategy Consulting,True,Allison,aaronp,Allison Brown,(02) 9440 7664,allisob,Brown,Strategy Consultant,ioPhai9fai,allisob@rhyta.com
Engineering Operations,True,Valery,carolt,Valery Ushakov,(08) 9090 1059,valeryu,Ushakov,Engineer,Ahthoo3sho,valeryu@rhyta.com
CRM Strategy,True,Tosh,syeda,Tosh Meston,(08) 8747 9114,toshm,Meston,CRM Consultant,AhBu3Quu9,toshm@gustr.com
Content Management Consulting,True,Sanjay,stano,Sanjay Patel,(07) 3569 5765,sanjayp,Patel,Content Management Consultant,aetah9yuRin,sanjayp@cuvox.de
Strategy Consulting,True,Roland,aaronp,Roland Wacker,(07) 4531 1553,rolandw,Wacker,Strategy Consultant,aekah4ohFei,rolandw@gustr.com
1099 Contractor,True,David,briang,David Derwin,(08) 8343 5233,davidd,Derwin,Project Manager,EeGohchee1,davidd@armyspy.com
Strategy Consulting,True,John,ellena,John Yokum,(03) 5389 7480,johny,Yokum,Strategy Consultant,aiB3je5xur,johny@jourrapide.com
1099 Contractor,True,Scott,briang,Scott Rockfield,(03) 5386 6444,scottr,Rockfield,Project Manager,noof1cheeGie,scottr@armyspy.com
1099 Contractor,True,Humberto,briang,Humberto Acevedo,(07) 4920 3907,humbera,Acevedo,Project Manager,nujohle5Ae3,humbera@cuvox.de
1099 Contractor,True,David,briang,David So,(03) 5353 2113,davids1,So,Project Manager,Shie1eeghe,davids1@superrito.com
1099 Contractor,True,Anders,briang,Anders Madsen,(07) 3633 2412,andersm,Madsen,Project Manager,ieQuu0pajah,andersm@fleckens.hu
1099 Contractor,True,Alexandre,briang,Alexandre Silva,(08) 8293 8939,alexans,Silva,Project Manager,fi3eeV4L,alexans@jourrapide.com
1099 Contractor,True,Stuart,briang,Stuart Munson,(07) 4010 4163,stuartm,Munson,Project Manager,Kohp1hou,stuartm@armyspy.com
1099 Contractor,True,Qiong,briang,Qiong Wu,(08) 9078 9661,qiongw,Wu,Project Manager,ahquee8Eshei,qiongw@fleckens.hu
1099 Contractor,True,Michiko,briang,Michiko Osada,(07) 4597 2243,michiko,Osada,Project Manager,Zoqueeph9,michiko@superrito.com
1099 Contractor,True,Michael,briang,Michael Zeman,(08) 8794 2461,michaez,Zeman,Project Manager,Tu9Ia6uk,michaez@fleckens.hu
1099 Contractor,True,Maurice,briang,Maurice Taylor,(02) 4726 3908,maurict,Taylor,Project Manager,Hi2sae8noo,maurict@cuvox.de
1099 Contractor,True,Guido,briang,Guido Pica,(07) 3163 4261,guidop,Pica,Project Manager,tohSaes1ee,guidop@rhyta.com
1099 Contractor,True,Jessica,briang,Jessica Arnold,(07) 5331 4401,jessica,Arnold,Project Manager,OoZiez2u,jessica@superrito.com
Accounting,True,Chase,karimm,Chase Carpenter,(02) 9208 6146,chasec,Carpenter,Accountant,oodaiGhee4oo,chasec@dayrep.com
1099 Contractor,True,Terrence,jennim,Terrence Phillip,(03) 5392 0756,terrenp,Phillip,Strategy Consultant,Oopeisee0phee,terrenp@armyspy.com
1099 Contractor,True,Hugo,jennim,Hugo Garcia,(07) 4093 4703,hugog,Garcia,Strategy Consultant,Saokahsh4,hugog@einrot.com
1099 Contractor,True,Jeremy,jennim,Jeremy Los,(02) 4025 5770,jeremyl,Los,Strategy Consultant,Fee1xenge9s,jeremyl@cuvox.de
1099 Contractor,True,John,jennim,John Ganio,(07) 4978 0567,johng,Ganio,Strategy Consultant,zahz1xeGhuQu,johng@gustr.com
1099 Contractor,True,Lina,jennim,Lina Abola,(08) 9081 1843,linaa,Abola,Strategy Consultant,Jahngohch4o,linaa@jourrapide.com
1099 Contractor,True,Mark,jennim,Mark Hanson,(08) 9071 8728,markh,Hanson,Strategy Consultant,yie7Zoo1tee,markh@dayrep.com
1099 Contractor,True,Jaka,briang,Jaka Stele,(03) 5391 4723,jakas,Stele,Project Manager,ohN1EeTh,jakas@dayrep.com
1099 Contractor,True,Steven,jennim,Steven Wright,(07) 4027 2257,stevenw,Wright,Strategy Consultant,Afuvoh0IV,stevenw@teleworm.us
1099 Contractor,True,Dough,briang,Dough Mahugh,(02) 4678 6980,doughm,Mahugh,Project Manager,zaaRu9Wo,doughm@fleckens.hu
1099 Contractor,True,Andrea,briang,Andrea Dunker,(02) 6100 8411,andread,Dunker,Project Manager,eepee6Mo,andread@rhyta.com
1099 Contractor,True,Carlos,briang,Carlos Grilo,(07) 4059 8404,carlosg,Grilo,Project Manager,ahwoy7ua5Xee,carlosg@fleckens.hu
1099 Contractor,True,Chris,briang,Chris McGurk,(03) 9330 5359,chrism,McGurk,Project Manager,seoW4ze9much,chrism@jourrapide.com
1099 Contractor,True,Dan,briang,Dan Bacon,(07) 4569 5833,danb,Bacon,Project Manager,teFeeh8oo,danb@superrito.com
1099 Contractor,True,Daniel,briang,Daniel Durrer,(02) 6197 6755,danield,Durrer,Project Manager,Ahpei5uF9oh,danield@superrito.com
Accounting,True,James,karimm,James Wittrell,(02) 4034 2238,jamesw,Wittrell,Accountant,quaeFoo6,jamesw@rhyta.com
1099 Contractor,True,Scott,jennim,Scott MacDonald,(03) 6264 8529,scottm,MacDonald,Strategy Consultant,foh5UweeGh,scottm@cuvox.de
Strategy Consulting,True,Renee,aaronp,Renee Lo,(08) 9477 9092,reneel,Lo,Strategy Consultant,Fo1Iu4bee,reneel@fleckens.hu
Content Management Consulting,True,Cari,stano,Cari Drummelle,(07) 4592 4200,carid,Drummelle,Content Management Consultant,oY0Ahchi,carid@armyspy.com
Content Management Consulting,True,Alfons,stano,Alfons Parovszky,(07) 4019 0715,alfonsp,Parovszky,Content Management Consultant,pughoo6Ae,alfonsp@jourrapide.com
Content Management Consulting,True,Matt,stano,Matt Hink,(03) 5334 9092,matth,Hink,Content Management Consultant,aeree4Akah,matth@dayrep.com
CRM Strategy,True,Lorraine,syeda,Lorraine Nay,(03) 6285 3432,lorrain,Nay,CRM Consultant,UThee0shie,lorrain@einrot.com
Strategy Consulting,True,Iben,brads,Iben Thorell,(07) 4542 1144,ibent,Thorell,Strategy Consultant,Wue1eithae,ibent@jourrapide.com
Content Management Consulting,True,Magnus,stano,Magnus Hedlund,(07) 4924 2012,magnush,Hedlund,Business Process Manager,Efu2el3Vei,magnush@superrito.com
Content Management Consulting,True,Erik,stano,Erik Andersen,(03) 5344 3284,erica,Andersen,Content Management Consultant,ei3baeP1o,erica@teleworm.us
Engineering Operations,True,Corinna,carolt,Corinna Bolender,(03) 5381 6978,corinnb,Bolender,Engineer,Ciene2oejah,corinnb@rhyta.com
Strategy Consulting,True,Trey,cesarg,Trey Pratt,(08) 8223 9836,treyp,Pratt,Strategy Consultant,vah9ahd3ECh,treyp@rhyta.com
Sales,True,John,joses,John Kane,(02) 4059 3038,johnk,Kane,Salesperson,Oquahsh8i,johnk@teleworm.us
Strategy Consulting,True,Parna,aaronp,Parna Khot,(03) 5358 1427,parnak,Khot,Strategy Consultant,puen4Aich,parnak@dayrep.com
Strategy Consulting,True,Kim,davidm,Kim Ralls,(03) 5338 0323,kimr,Ralls,Strategy Consultant,Vee8eecu,kimr@superrito.com
Strategy Consulting,True,Jan,brads,Jan Kotas,(03) 5375 1562,jank,Kotas,Strategy Consultant,pha3Lae2ah,jank@dayrep.com
1099 Contractor,True,Thomas,briang,Thomas Hamborg,(08) 9064 9399,thomash,Hamborg,Project Manager,en7heiK0e,thomash@rhyta.com
Strategy Consulting,True,Lolan,davidm,Lolan Song,(02) 6107 5602,lolans,Song,Strategy Consultant,uuFeiZai3ai,lolans@einrot.com
Accounting,True,Lars,karimm,Lars Hansson,(08) 9261 8956,larsh,Hansson,Accounting Manager,evei2Eil2,larsh@teleworm.us
Accounting,True,Jill,karimm,Jill Frank,(08) 9088 2419,jillf,Frank,Accountant,joop7Biexu,jillf@armyspy.com
Accounting,True,Joel,karimm,Joel Lachance,(07) 3781 3916,joell,Lachance,Accountant,phagh1aeM,joell@rhyta.com
Strategy Consulting,True,John,aaronp,John John,(02) 6795 6703,johne,John,Strategy Consultant,Phai8Giegh,johne@jourrapide.com
Strategy Consulting,True,Jun,cesarg,Jun Cao,(02) 6177 0755,junc,Cao,Strategy Consultant,zooF5see7wi,junc@dayrep.com
Strategy Consulting,True,Tony,ellena,Tony Wang,(08) 8207 7041,tonyw,Wang,Strategy Consultant,Eijae6ohga,tonyw@jourrapide.com
Strategy Consulting,True,Kenneth,brads,Kenneth Cools,(03) 8673 6611,kennetc,Cools,Strategy Consultant,EiCh5Mohghi,kennetc@gustr.com
Strategy Consulting,True,Steve,cesarg,Steve Masters,(08) 8280 2557,stevem,Masters,Strategy Consultant,uLuz1coofae,stevem@einrot.com
Strategy Consulting,True,Lubor,aaronp,Lubor Kollar,(03) 5306 2353,lubork,Kollar,Strategy Consultant,eec2Ier8chai,lubork@rhyta.com
Strategy Consulting,True,Michael,cesarg,Michael Ludwig,(02) 9303 5053,michael,Ludwig,Strategy Consultant,Iech5leosu,michael@armyspy.com
Strategy Consulting,True,Michael,ellena,Michael Lund,(03) 5371 8624,michal1,Lund,Strategy Consultant,charoo6Ei,michal1@dayrep.com
Strategy Consulting,True,Michael,brads,Michael Sullivan,(08) 9059 4410,michaes,Sullivan,Strategy Consultant,diuNach9,michaes@fleckens.hu
Strategy Consulting,True,Ray,davidm,Ray Chow,(03) 6224 1772,rayc,Chow,Strategy Consultant,uoboew4Jie,rayc@fleckens.hu
Content Management Consulting,True,Diane,stano,Diane Glimp,(08) 8226 2597,dianeg,Glimp,Content Management Consultant,aege5Fah,dianeg@teleworm.us
Strategy Consulting,True,Ken,ellena,Ken Malcolmson,(03) 6233 5248,kenm,Malcolmson,Strategy Consultant,Oht3aRuiwoh,kenm@teleworm.us
Project Management,True,Manueal,barryj,Manueal Machado,(08) 9004 5022,manueam,Machado,Senior Project Manager,Aejeit4joo,manueam@cuvox.de
Sales,True,Luca,aprils,Luca Dellamore,(03) 9021 0007,lucad,Dellamore,Salesperson,eu6AgeiLie,lucad@armyspy.com
Project Management,True,Ivo,andrewm,Ivo Salmre,(08) 9036 1821,ivos,Salmre,Project Manager,oG5ox5uxae,ivos@jourrapide.com
Sales,True,Howard,lenea,Howard Gonzalez,(03) 5320 0698,howardg,Gonzalez,Salesperson,tho4aeviSh,howardg@rhyta.com
Sales,True,Elizabeth,arthury,Elizabeth Andersen,(07) 4585 8549,elizaba,Andersen,Salesperson,goruth5Phu,elizaba@gustr.com
Project Management,True,Denis,barryj,Denis Dehenne,(03) 5376 9876,denisd,Dehenne,Project Manager,bi5Mai9EeZ,denisd@gustr.com
Sales,True,David,davids,David Wright,(02) 4928 8329,davidw,Wright,Salesperson,Ohnee3chiy0,davidw@teleworm.us
Project Management,True,Chris,miken,Chris Barry,(02) 9563 3378,chrisb,Barry,Project Manager,eenahze1Aik,chrisb@einrot.com
Project Management,True,Ayla,scottb,Ayla Kol,(03) 5389 5983,aylak,Kol,Project Manager,Awa5fechou,aylak@jourrapide.com
Project Management,True,Alisa,scottb,Alisa Lawyer,(07) 4512 6467,alisal,Lawyer,Project Manager,XaeQuoo4oh,alisal@cuvox.de
Project Management,True,Simon,scottb,Simon Rapier,(08) 8780 5112,simonr,Rapier,Senior Project Manager,ech4oobeoP,simonr@dayrep.com
Project Management,True,Rob,chrisn,Rob Barker,(08) 8796 0260,robb,Barker,Project Manager,eifooC1ah,robb@superrito.com
Sales,True,Hazem,lenea,Hazem Abolrous,(02) 4992 2943,hazema,Abolrous,Salesperson,LeR8weeFu,hazema@cuvox.de
Project Management,True,Ned,chrisn,Ned Friend,(02) 4949 5646,nedf,Friend,Project Manager,siiXagah6,nedf@jourrapide.com
Project Management,True,Richard,andrewm,Richard Tupy,(03) 5363 3510,richart,Tupy,Project Manager,Boophea3ko,richart@teleworm.us
Project Management,True,Don,chrisn,Don Funk,(03) 6204 5934,donf,Funk,Project Manager,Vei2uWi6,donf@rhyta.com
Project Management,True,Dave,chrisn,Dave Natsuhara,(03) 5358 4221,daven,Natsuhara,Project Manager,Zohtes0Qu,daven@rhyta.com
Project Management,True,Christian,chrisn,Christian Rytt,(02) 4920 3460,christr,Rytt,Project Manager,kuu6AhDee6,christr@einrot.com
Project Management,True,Ted,chrisn,Ted Bremer,(07) 4952 0279,tedb,Bremer,Business Process Manager,pheeLiZ2e,tedb@cuvox.de
Project Management,True,Sean,chrisn,Sean Purcell,(07) 4598 2977,seanp,Purcell,Business Process Manager,aeQueiyu0,seanp@jourrapide.com
Project Management,True,Ray,barryj,Ray Mohrman,(08) 9071 2982,raym,Mohrman,Senior Project Manager,ohWe1Queib,raym@jourrapide.com
Project Management,True,Mike,chrisn,Mike Tiano,(03) 5349 0844,miket,Tiano,Business Process Manager,oi4aig0Rei,miket@jourrapide.com
Project Management,True,Margaret,chrisn,Margaret Au,(02) 9093 8162,margara,Au,Business Process Manager,faej3ooV,margara@rhyta.com
Project Management,True,Jesper,chrisn,Jesper Aaberg,(02) 4944 2833,jespera,Aaberg,Project Manager,dee1Ja3jie,jespera@superrito.com
Project Management,True,Danni,andrewm,Danni Ortman,(02) 6651 6967,dannio,Ortman,Senior Project Manager,jo8oaSeth,dannio@cuvox.de
Project Management,True,Andy,scottb,Andy Jacobs,(08) 9050 1367,andyj,Jacobs,Senior Project Manager,diYikauph4qu,andyj@einrot.com
Operations,True,Mchiel,keithd,Mchiel Wories,(07) 4038 4367,mchielw,Wories,Procurement Manager,phieW7tavei,mchielw@gustr.com
Project Management,True,Nuria,miken,Nuria Gonzalez,(02) 6781 5492,nuriag,Gonzalez,Senior Project Manager,ahv6vie6Eiqu,nuriag@armyspy.com
Sales Engagement Management,True,Ty,lenea,Ty Carlson,(02) 9609 8728,tyc,Carlson,Salesperson,Ea8Xufeibi,tyc@einrot.com
Senior Management,True,Cassie,adamb,Cassie Hicks,(07) 3495 9570,cassieh,Hicks,Director of Client Services,GieP3lai,cassieh@teleworm.us
Senior Management,True,Sean,mollyc,Sean Chai,(02) 4942 2046,seanc,Chai,Director of Affiliate Marketing and Partnerships,gaiThohpe7ae,seanc@gustr.com
Senior Management,True,Todd,dianep,Todd Rowe,(03) 5355 6208,toddr,Rowe,Senior Media Planner,OhV5Teequ8qu,toddr@armyspy.com
CVP of IT,True,Tai,jeffh,Tai Lee,(02) 6735 5638,tail,Lee,President of Services,un9Tohchea,tail@fleckens.hu
Senior Management,True,Greg,jeffh,Greg Winston,(08) 9049 4560,gregw,Winston,President of Management,geeg0Cae4Ai,gregw@gustr.com
Executive,True,Sanjay,danj,Sanjay Shah,(02) 9539 2395,sanjays,Shah,Chief of Technical Strategy,rae4ohbiR8,sanjays@teleworm.us
Executive,True,Toni,danj,Toni Poe,(08) 8298 2349,tonip,Poe,Chief of Partnerships and Strategy,ot0On8om6gee,tonip@superrito.com
Executive,True,Jim,danj,Jim Daly,(02) 4645 8107,jimd,Daly,CFO ,xaeghae6Ujie,jimd@cuvox.de
Sales Engagement Management,True,Tom,davids,Tom Youtsey,(02) 4954 0438,tomy,Youtsey,Salesperson,tuaYaeBu9,tomy@einrot.com
Sales Engagement Management,True,Kerim,davids,Kerim Hanif,(03) 5332 2939,kerimh,Hanif,Salesperson,Haiceichi1,kerimh@armyspy.com
Sales Engagement Management,True,Jamie,davids,Jamie Reding,(03) 8387 0371,jamier,Reding,Salesperson,kah7iovu0Z,jamier@einrot.com
Sales Engagement Management,True,Ye,arthury,Ye Xu,(07) 3013 5297,yex,Xu,Salesperson,jooN7shei,yex@jourrapide.com
Sales,True,Marko,aprils,Marko Zajc,(02) 6701 5061,markoz,Zajc,Salesperson,oom6Faegh0g,markoz@armyspy.com
Sales Engagement Management,True,Fabrice,arthury,Fabrice Canel,(08) 8398 7101,fabricc,Canel,Salesperson,Aa3tigax5,fabricc@rhyta.com
Sales,True,Pavel,davids,Pavel Simsa,(08) 8762 3714,pavels,Simsa,Salesperson,AeNgaiMon3sh,pavels@jourrapide.com
Sales Engagement Management,True,Vernette,lenea,Vernette Price,(03) 5310 4218,vernettp,Price,Salesperson,eeruF4ooch,vernettp@armyspy.com
Sales Engagement Management,True,Nate,lenea,Nate Sun,(02) 9422 1276,nates,Sun,Salesperson,ja3Loo6a,nates@dayrep.com
Sales Engagement Management,True,Tina,aprils,Tina Makovec,(02) 6741 4330,tinam,Makovec,Salesperson,WuPh4Eedawee,tinam@armyspy.com
Sales Engagement Management,True,Neil,aprils,Neil Orint,(02) 6160 1391,neilo,Orint,Salesperson,Ecahth3Aebah,neilo@dayrep.com
Sales Engagement Management,True,Luka,aprils,Luka Abrus,(07) 4073 5736,lukaa,Abrus,Salesperson,Ua1ohcah0,lukaa@jourrapide.com
Sales Engagement Management,True,Euan,aprils,Euan Garden,(07) 4561 5664,euang,Garden,Salesperson,Waisoow7o,euang@dayrep.com
Sales,True,Eran,joses,Eran Harel,(08) 9432 2626,eranh,Harel,Salesperson,tahZee6EDai,eranh@gustr.com
Sales,True,Michael,joses,Michael Ovesen,(08) 8324 2422,michaeo,Ovesen,Salesperson,eGooheix8dee,michaeo@cuvox.de
Sales,True,Kim,joses,Kim Abercrombie,(02) 6796 0539,kima,Abercrombie,Salesperson,ENaifie8,kima@teleworm.us
Operations,True,Rob,arturol,Rob Young,(07) 4001 8810,roby,Young,IT Manager,IFeepohl1,roby@rhyta.com
Project Management,True,Terry,miken,Terry Earls,(03) 6256 4386,terrye,Earls,Project Manager,Jitiarieg9,terrye@rhyta.com
Operations,True,Michael,erikac,Michael Mainer,(03) 5389 8573,michaem,Mainer,Manager,YeRaigh7uk,michaem@superrito.com
Sales Engagement Management,True,Sven,arthury,Sven Buck,(07) 4015 7632,svenb,Buck,Salesperson,eQuaish9imo,svenb@dayrep.com
Sales,True,Eric,lenea,Eric Gruber,(07) 4077 9435,ericg,Gruber,Salesperson,eezaiJ5zie,ericg@gustr.com
Operations,True,Jelle,keithd,Jelle Visser,(02) 8246 3294,jellev,Visser,Procurement Manager,reeFaeD4Aigh,jellev@dayrep.com
Sales,True,Erik,aprils,Erik Gubbels,(08) 8728 8672,erikg,Gubbels,Salesperson,queiT3Quuequ,erikg@gustr.com
Sales,True,Dominik,joses,Dominik Paiha,(07) 5603 6738,dominip,Paiha,Salesperson,Wechoas6,dominip@rhyta.com
Sales,True,Dan,arthury,Dan Hough,(02) 9915 9669,danh,Hough,Salesperson,Koshu1aeRei,danh@gustr.com
Sales,True,Tina,arthury,Tina Lassila,(08) 8278 2280,tinal,Lassila,Salesperson,aekaiX2ci8v,tinal@fleckens.hu
Sales,True,Nuno,davids,Nuno Farinha,(02) 9287 9189,nunof,Farinha,Salesperson,Oophiemo8m,nunof@teleworm.us
Sales,True,Maru,aprils,Maru Subrmani,(07) 4537 4758,marus,Subrmani,Salesperson,nah5AiGhiv,marus@fleckens.hu
Sales,True,Marc,davids,Marc Faerber,(08) 9047 8322,marcf,Faerber,Salesperson,Eingi9ome,marcf@cuvox.de
Sales,True,Kari,joses,Kari Furse,(08) 8368 6286,karif,Furse,Salesperson,keiluo9Anee,karif@armyspy.com
Senior Management,True,Karen,juliani,Karen Berg,(08) 8318 0341,karenb,Berg,Senior Account Manager,ceFie3ok8hoo,karenb@dayrep.com
Human Resources,True,Ian,amya,Ian Tien,(02) 4644 8508,iant,Tien,HR Specialist,kied4Iu8u,iant@teleworm.us
Sales,True,Scott,davids,Scott Gode,(03) 5385 8914,scottg,Gode,Salesperson,Zai1Eitaed,scottg@einrot.com
Sales,True,Gina,arthury,Gina Boyer,(08) 8205 2495,ginab,Boyer,Salesperson,aehahYu6pee,ginab@superrito.com
Sales,True,Annelie,joses,Annelie Zubar,(02) 4663 3861,anneliz,Zubar,Salesperson,ogh3Ahng7Oh,anneliz@rhyta.com
Sales,True,David,aprils,David Bossard,(02) 4977 4182,davidb,Bossard,Salesperson,aeP2le5oath,davidb@armyspy.com
Sales,True,Alicia,davids,Alicia Thomber,(08) 8268 0892,aliciat,Thomber,Salesperson,EikuTueN6n,aliciat@einrot.com
Sales,True,Marcelo,joses,Marcelo Truffat,(02) 6767 4376,marcelt,Truffat,Salesperson,Zoo3Ahh9eem,marcelt@rhyta.com
Engineering Operations,True,Tony,carolt,Tony Madigan,(02) 4028 5192,tonym,Madigan,Senior Engineer,Teekaiv7dee,tonym@jourrapide.com
Engineering Operations,True,Sunil,carolt,Sunil Koduri,(08) 8708 2572,sunilk,Koduri,Senior Engineer,Airah3kosiX,sunilk@dayrep.com
Engineering Operations,True,Simon,carolt,Simon Pearson,(03) 5381 9783,simonp,Pearson,Senior Engineer,mohJuy9sai,simonp@teleworm.us
Engineering Operations,True,Paul,carolt,Paul Duffy,(02) 6147 5102,pauld,Duffy,Senior Engineer,Eshughui4f,pauld@rhyta.com
Engineering Operations,True,Kate,carolt,Kate Taneyhill,(03) 5391 8020,katet,Taneyhill,Senior Engineer,cio1ees4Noo,katet@armyspy.com
Engineering Operations,True,Chris,carolt,Chris Gray,(02) 6142 6100,chrisg,Gray,Senior Engineer,iew8Ook8D,chrisg@armyspy.com
Engineering Operations,True,Stephen,carolt,Stephen Deming,(08) 9080 9245,stephed,Deming,Engineer,aejuaD5Ie,stephed@dayrep.com
Engineering Operations,True,Olivier,carolt,Olivier Fontana,(02) 4028 4859,olivief,Fontana,Engineer,geiNeesa2ai,olivief@fleckens.hu
Engineering Operations,True,Michelle,carolt,Michelle Fredette,(08) 9026 9774,michelf,Fredette,Engineer,Oah5theepua,michelf@superrito.com
Strategy Consulting,True,Arlene,jennim,Arlene Huff,(03) 5305 3817,arleneh,Huff,Strategy Consultant,eeQuah2oosu,arleneh@rhyta.com
Marketing,True,Pieter,kellyk,Pieter Wycoff,(02) 4011 3552,pieterw,Wycoff,Marketing Specialist,ohke5Rohsu,pieterw@teleworm.us
Engineering Operations,True,Erwin,carolt,Erwin Zischka,(02) 6173 7353,erwinz,Zischka,Engineer,rekor3IeVi,erwinz@gustr.com
Operations,True,Lukas,erikac,Lukas Keller,(08) 9002 1688,lukask,Keller,Manager,ga8Aetu9Ae,lukask@dayrep.com
Operations,True,Ken,erikac,Ken Ewert,(08) 9049 8049,kene,Ewert,Manager,ANiec9gie,kene@cuvox.de
Operations,True,Justin,erikac,Justin Thorp,(08) 9068 9181,justint,Thorp,Manager,niquaigi8Zee,justint@armyspy.com
Operations,True,Jon,erikac,Jon Grande,(02) 6714 6313,jong,Grande,Manager,pai6Do1Rong,jong@rhyta.com
Operations,True,Jo,bens,Jo Berry,(08) 8275 4814,job,Berry,Manager,eeNg1Theech,job@cuvox.de
Operations,True,Hans,bens,Hans Gufler,(02) 9793 4633,hansg,Gufler,Manager,tahs6Aiph0,hansg@armyspy.com
Operations,True,David,bens,David Bradley,(08) 9351 7315,davidb1,Bradley,Manager,eis7aeQuoh,davidb1@teleworm.us
Operations,True,Marie,arturol,Marie Dubois,(02) 4960 5162,maried,Dubois,IT Manager,mao6Voo1eish,maried@einrot.com
Operations,True,Kevin,arturol,Kevin Kennedy,(07) 3721 4208,kevink,Kennedy,IT Manager,Choo0cha1eth,kevink@rhyta.com
Operations,True,Kai,arturol,Kai Axford,(02) 6129 5631,kaia,Axford,IT Manager,nu1Deit7wu,kaia@rhyta.com
Sales,True,Manish,lenea,Manish Chopra,(07) 4541 3326,manishc,Chopra,Salesperson,Ooxef5sai,manishc@armyspy.com
Marketing,True,Sunil,kellyk,Sunil Uppal,(03) 5333 6844,sunilu,Uppal,Public Relations Specialist,rei5zi9hahG,sunilu@gustr.com
Sales,True,Luis,arthury,Luis Bonifaz,(03) 5318 6511,luisb,Bonifaz,Salesperson,Neec6goh,luisb@superrito.com
Sales,True,Kevin,arthury,Kevin Verboort,(07) 5612 0022,kevinv,Verboort,Salesperson,ur7Xa1Aipie,kevinv@teleworm.us
Marketing,True,Christian,kellyk,Christian Jene,(03) 5367 4358,christj,Jene,Marketing Specialist,nie1Cah1Z,christj@fleckens.hu
Marketing,True,Felipe,kellyk,Felipe Martins,(02) 6108 1162,felipem,Martins,Marketing Specialist,zae2EpeaKoh,felipem@jourrapide.com
Marketing,True,John,kellyk,John Evans,(07) 3509 7918,johnev,Evans,Marketing Specialist,leitahX1ei,johnev@jourrapide.com
Operations,True,Heinrich,arturol,Heinrich Fischer,(02) 6198 7455,heinrif,Fischer,IT Manager,AeGhowu2eix1,heinrif@superrito.com
Sales,True,Kirk,joses,Kirk Nason,(02) 4605 3105,kirkj,Nason,Salesperson,voG9Iezohn,kirkj@jourrapide.com
Operations,True,Brian,keithd,Brian Cox,(08) 8971 1331,brianc,Cox,Procurement Manager,Lienge0ahqu,brianc@fleckens.hu
Sales,True,Patricia,lenea,Patricia Doyle,(02) 6749 9595,patricd,Doyle,Salesperson,ioPhi9Ao8,patricd@superrito.com
Sales,True,Ron,aprils,Ron Gabel,(02) 4648 1490,rong,Gabel,Salesperson,xeeng0Yooroh,rong@jourrapide.com
Sales,True,Shmuel,davids,Shmuel Yair,(08) 9077 9627,shmuely,Yair,Salesperson,cutach8Tah,shmuely@armyspy.com
Marketing,True,Phyllis,kellyk,Phyllis Harris,(08) 9076 8654,phyllih,Harris,Marketing Specialist,weegh7Di,phyllih@jourrapide.com
Sales,True,Jenny,aprils,Jenny Lysaker,(03) 5395 6728,jennyl,Lysaker,Salesperson,bohGh5kie,jennyl@cuvox.de
Marketing,True,Jordao,kellyk,Jordao Moreno,(03) 6295 8689,jordaom,Moreno,Marketing Specialist,ip2Eiya8ra,jordaom@jourrapide.com
Sales,True,Josh,lenea,Josh Edwards,(03) 5310 0674,joshe,Edwards,Salesperson,wae7Ahhe,joshe@dayrep.com
Marketing,True,Chris,kellyk,Chris Johnson,(02) 6142 8339,chrisj,Johnson,Marketing Specialist,aeN4gu9uchah,chrisj@cuvox.de
Operations,True,Kris,arturol,Kris Johnsen,(02) 4979 9389,krisj,Johnsen,IT Manager,oog8ief8Qu,krisj@gustr.com
Accounting,True,Chris,karimm,Chris Johnson [FINANCE],(07) 4591 2123,chrisjoh,Johnson,Accountant,ukoh8Yeeth6,chrisjoh@rhyta.com
Engineering Operations,True,Chris,carolt,Chris F. Johnson,(03) 9538 8870,chrisjohn,Johnson,Senior Engineer,joh3uj9uBie,chrisjohn@superrito.com
Sales Engagement Management,True,Chris,aprils,Chris Johnson [SALES],(03) 5370 3759,chrisjohns,Johnson,Salesperson,su7ewaiXie,chrisjohns@gustr.com
Operations,True,Alica,adamb,Alica Hovell,(08) 8377 8736,alicah0,Hovell,Elevator Constructor,aethoo0Qu,alicah0@cuvox.de
Operations,True,Mikayla,adamb,Mikayla Furphy,(08) 8276 5784,mikaylaf0,Furphy,Technical Sales Manager,OuShei2J,mikaylaf0@fleckens.hu
Operations,True,Harry,adamb,Harry Tregurtha,(02) 6792 6363,harryt0,Tregurtha,Driver-Sales Worker,Ohwoe6Ew6ei,harryt0@einrot.com
Operations,True,Ryan,adamb,Ryan Dwyer-Gray,(02) 4376 1516,ryand0,Dwyer-Gray,Emergency Care Nurse,iet0az4Ii,ryand0@superrito.com
Operations,True,Alana,adamb,Alana Harford,(03) 9306 1882,alanah0,Harford,Plant Scientist,Ais2cuer,alanah0@rhyta.com
Operations,True,Sofia,adamb,Sofia Lackey,(08) 9068 2907,sofial0,Lackey,Electrologist,OLut7fohm,sofial0@gustr.com
Operations,True,Sean,adamb,Sean Ligertwood,(02) 9646 5142,seanl0,Ligertwood,Osteopathic Doctor,zeefoo8Uu,seanl0@superrito.com
Operations,True,Mason,adamb,Mason Irwin,(07) 5643 6118,masoni0,Irwin,Ophthalmologic Sonographer,eap7Ooquie3,masoni0@einrot.com
Operations,True,Dylan,adamb,Dylan Allan,(08) 8229 1451,dylana0,Allan,Demographic Economist,to6Ai2ec,dylana0@dayrep.com
Operations,True,Isla,adamb,Isla Paten,(02) 4082 2456,islap0,Paten,Control Technician,zae9deeTh,islap0@fleckens.hu
Operations,True,Piper,adamb,Piper Schlapp,(07) 3341 7536,pipers0,Schlapp,Convention Services Manager,uiD9ohMaen,pipers0@einrot.com
Operations,True,Hunter,adamb,Hunter Hannaford,(02) 8165 8514,hunterh0,Hannaford,Control Room Assistant,Eixoong5oh,hunterh0@dayrep.com
Operations,True,Archie,adamb,Archie Propsting,(07) 5398 3573,archiep0,Propsting,Employment Specialist,uaTai1ei,archiep0@cuvox.de
Operations,True,Phoebe,adamb,Phoebe De Lissa,(02) 9697 5052,phoebed0,De Lissa,Geographer,Ohphai7iem,phoebed0@teleworm.us
Operations,True,Alex,adamb,Alex Tilley,(08) 9012 4439,alext0,Tilley,Harbor Pilot,yaeDa7Feiga,alext0@armyspy.com
Operations,True,Blake,adamb,Blake Pike,(03) 5331 1907,blakep0,Pike,Apartment House Manager,shahw7wieBah,blakep0@dayrep.com
Operations,True,Jeremy,adamb,Jeremy Shellshear,(02) 4991 8506,jeremys0,Shellshear,Tile Installer,Aethahhi7,jeremys0@cuvox.de
Operations,True,Claudia,adamb,Claudia Birdwood,(02) 6225 6886,claudiab0,Birdwood,Pilot,oG5oNgiWoh1,claudiab0@cuvox.de
Operations,True,Poppy,adamb,Poppy Loureiro,(08) 9047 7666,poppyl0,Loureiro,Clinical Dietitian,eeS1shoo,poppyl0@gustr.com
Operations,True,William,adamb,William Plunkett,(07) 4526 2226,williamp0,Plunkett,Agricultural Product Sorter,ouPh6io2,williamp0@einrot.com
Operations,True,Madeline,adamb,Madeline Kayser,(02) 6776 5874,madelinek0,Kayser,Process Pipeline Drafter,eubie5ePhou,madelinek0@cuvox.de
Operations,True,Zoe,adamb,Zoe McLeay,(08) 8297 8774,zoem0,McLeay,Aerospace Engineering and Operations Technician,Sahgh6zee,zoem0@cuvox.de
Operations,True,Jasmine,adamb,Jasmine Poninski,(03) 5386 3684,jasminep0,Poninski,Business Office Assistant,tooShee6Ah,jasminep0@fleckens.hu
Operations,True,Joel,adamb,Joel Chapman,(08) 9031 9703,joelc0,Chapman,Line Repairer,jaeQuuca9,joelc0@fleckens.hu
Operations,True,Tahlia,adamb,Tahlia O'Keeffe,(03) 5359 2749,tahliao0,O'Keeffe,Travel Counselor,thooZ0is2iW,tahliao0@armyspy.com
Operations,True,Hannah,adamb,Hannah Canterbury,(02) 4937 4657,hannahc0,Canterbury,Power Reactor Operator,ieLiZaisie7,hannahc0@armyspy.com
Operations,True,Keira,adamb,Keira Aarons,(07) 4524 5378,keiraa0,Aarons,Service Technician,uS8oov5la7b,keiraa0@dayrep.com
Operations,True,Jack,adamb,Jack Upton,(08) 9294 1316,jacku0,Upton,Human Resources Trainer,Fah3XiyoX,jacku0@jourrapide.com
Service Account,True,mssqladmin,arturol,mssqladmin,(08) 0000 0000,mssqladmin,serviceaccount,Service Account,Ohcahmu4,mssqladmin@null.ru
Service Account,True,oracle,arturol,oracle,(08) 0000 0000,oracle,serviceaccount,Service Account,_Localadmin,oracle@oracle.com
Service Account,True,splunk,arturol,splunkadmin,(08) 0000 0000,splunk,serviceaccount,Service Account,Ohcahmu4,splunk@splunk.com
Service Account,True,rapid7admin,arturol,rapid7admin,(08) 0000 0000,rapid7admin,serviceaccount,Service Account,Ohcahmu4,rapid7admin@rapid7.ru
Service Account,True,tenable,arturol,tenable,(08) 0000 0000,tenable,serviceaccount,Service Account,Ohcahmu4,tenable@nessus.com
Service Account,True,mcafee-epo,arturol,mcafee-epo,(08) 0000 0000,mcafee-epo,serviceaccount,Service Account,Ohcahmu4,mcafee-epo@one.com
Service Account,True,cisco,arturol,cisco,(08) 0000 0000,cisco,serviceaccount,Service Account,Ohcahmu4,cisco@cisco.com
Service Account,True,paloadmin,arturol,paloadmin,(08) 0000 0000,paloadmin,serviceaccount,Service Account,Ohcahmu4,paloadmin@paloalto.com
